"","Player.ID","Last.Name","First.Name","Bats","Pitches","Team","V7"
"1","avers001","Avery","Steve","L","L","ATL","P"
"2","bellr001","Belliard","Rafael","R","R","ATL","SS"
"3","berej001","Berenguer","Juan","R","R","ATL","P"
"4","berrd002","Berryhill","Damon","B","R","ATL","C"
"5","bielm001","Bielecki","Mike","R","R","ATL","P"
"6","blauj001","Blauser","Jeff","R","R","ATL","SS"
"7","borbp001","Borbon","Pedro","R","L","ATL","P"
"8","breas001","Bream","Sid","L","L","ATL","1B"
"9","cabrf001","Cabrera","Francisco","R","R","ATL","C"
"10","castv001","Castilla","Vinny","R","R","ATL","3B"
"11","davim001","Davis","Mark","L","L","ATL","P"
"12","freem001","Freeman","Marvin","R","R","ATL","P"
"13","gantr001","Gant","Ron","R","R","ATL","OF"
"14","glavt001","Glavine","Tom","L","L","ATL","P"
"15","gregt001","Gregg","Tommy","L","L","ATL","OF"
"16","huntb001","Hunter","Brian","R","L","ATL","1B"
"17","justd001","Justice","David","L","L","ATL","OF"
"18","klesr001","Klesko","Ryan","L","L","ATL","1B"
"19","leibc001","Leibrandt","Charlie","R","L","ATL","P"
"20","lemkm001","Lemke","Mark","B","R","ATL","2B"
"21","lopej001","Lopez","Javy","R","R","ATL","C"
"22","lyons001","Lyons","Steve","L","R","ATL","OF"
"23","merck001","Mercker","Kent","L","L","ATL","P"
"24","niedd001","Nied","David","R","R","ATL","P"
"25","nievm001","Nieves","Melvin","B","R","ATL","OF"
"26","nixoo001","Nixon","Otis","B","R","ATL","OF"
"27","olsog002","Olson","Greg","R","R","ATL","C"
"28","penaa001","Pena","Alejandro","R","R","ATL","P"
"29","pendt001","Pendleton","Terry","B","R","ATL","3B"
"30","rearj001","Reardon","Jeff","R","R","ATL","P"
"31","reyna001","Reynoso","Armando","R","R","ATL","P"
"32","riveb001","Rivera","Ben","R","R","ATL","P"
"33","sandd001","Sanders","Deion","L","L","ATL","OF"
"34","smitl002","Smith","Lonnie","R","R","ATL","OF"
"35","smitp001","Smith","Pete","R","R","ATL","P"
"36","smolj001","Smoltz","John","R","R","ATL","P"
"37","stanm003","Stanton","Mike","L","L","ATL","P"
"38","stclr001","St. Claire","Randy","R","R","ATL","P"
"39","treaj001","Treadway","Jeff","L","R","ATL","2B"
"40","willj001","Willard","Jerry","L","R","ATL","C"
"41","wohlm001","Wohlers","Mark","R","R","ATL","P"
"42","alexm001","Alexander","Manny","R","R","BAL","SS"
"43","andeb001","Anderson","Brady","L","L","BAL","OF"
"44","clemp001","Clements","Pat","R","L","BAL","P"
"45","davig001","Davis","Glenn","R","R","BAL","DH"
"46","davis001","Davis","Storm","R","R","BAL","P"
"47","dempr001","Dempsey","Rick","R","R","BAL","C"
"48","devem001","Devereaux","Mike","R","R","BAL","OF"
"49","flanm001","Flanagan","Mike","L","L","BAL","P"
"50","froht001","Frohwirth","Todd","R","R","BAL","P"
"51","gomel001","Gomez","Leo","R","R","BAL","3B"
"52","hoilc001","Hoiles","Chris","R","R","BAL","C"
"53","horns001","Horn","Sam","L","L","BAL","DH"
"54","hulet001","Hulett","Tim","R","R","BAL","3B"
"55","leffc001","Lefferts","Craig","L","L","BAL","P"
"56","lewir001","Lewis","Richie","R","R","BAL","P"
"57","martc003","Martinez","Chito","L","L","BAL","OF"
"58","mcdob001","McDonald","Ben","R","R","BAL","P"
"59","mclem001","McLemore","Mark","B","R","BAL","2B"
"60","mercl001","Mercedes","Luis","R","R","BAL","OF"
"61","mesaj001","Mesa","Jose","R","R","BAL","P"
"62","milab001","Milacki","Bob","R","R","BAL","P"
"63","milla001","Mills","Alan","R","R","BAL","P"
"64","millr002","Milligan","Randy","R","R","BAL","1B"
"65","mussm001","Mussina","Mike","L","R","BAL","P"
"66","olsog001","Olson","Gregg","R","R","BAL","P"
"67","orsuj001","Orsulak","Joe","L","L","BAL","OF"
"68","parem001","Parent","Mark","R","R","BAL","C"
"69","poolj001","Poole","Jim","L","L","BAL","P"
"70","rhoda001","Rhodes","Arthur","L","L","BAL","P"
"71","ripkb001","Ripken","Billy","R","R","BAL","2B"
"72","ripkc001","Ripken","Cal","R","R","BAL","SS"
"73","scars001","Scarsone","Steve","R","R","BAL","2B"
"74","segud001","Segui","David","B","L","BAL","1B"
"75","shiet001","Shields","Tommy","L","R","BAL","PR"
"76","sutcr001","Sutcliffe","Rick","L","R","BAL","P"
"77","tackj001","Tackett","Jeff","R","R","BAL","C"
"78","voigj001","Voigt","Jack","R","R","BAL","PR"
"79","willm004","Williamson","Mark","R","R","BAL","P"
"80","barrt002","Barrett","Tom","B","R","BOS","2B"
"81","boggw001","Boggs","Wade","L","R","BOS","3B"
"82","boltt001","Bolton","Tom","L","L","BOS","P"
"83","brumm001","Brumley","Mike","B","R","BOS","PH"
"84","brunt001","Brunansky","Tom","R","R","BOS","OF"
"85","burke001","Burks","Ellis","R","R","BOS","OF"
"86","clarj001","Clark","Jack","R","R","BOS","DH"
"87","clemr001","Clemens","Roger","R","R","BOS","P"
"88","coops001","Cooper","Scott","L","R","BOS","1B"
"89","darwd001","Darwin","Danny","R","R","BOS","P"
"90","dopsj001","Dopson","John","L","R","BOS","P"
"91","flahj001","Flaherty","John","R","R","BOS","C"
"92","fosst001","Fossas","Tony","L","L","BOS","P"
"93","gardm002","Gardiner","Mike","B","R","BOS","P"
"94","greem001","Greenwell","Mike","L","R","BOS","OF"
"95","harrg001","Harris","Greg","B","R","BOS","P"
"96","hatcb001","Hatcher","Billy","R","R","BOS","OF"
"97","heskj001","Hesketh","Joe","L","L","BOS","P"
"98","hoy-p001","Hoy","Peter","L","R","BOS","P"
"99","irvid001","Irvine","Daryl","R","R","BOS","P"
"100","lyons001","Lyons","Steve","L","R","BOS","1B"
"101","marzj001","Marzano","John","R","R","BOS","C"
"102","naeht001","Naehring","Tim","R","R","BOS","SS"
"103","penat001","Pena","Tony","R","R","BOS","C"
"104","planp001","Plantier","Phil","L","R","BOS","OF"
"105","quanp001","Quantrill","Paul","L","R","BOS","P"
"106","rearj001","Reardon","Jeff","R","R","BOS","P"
"107","reedj003","Reed","Jody","R","R","BOS","2B"
"108","rivel001","Rivera","Luis","R","R","BOS","SS"
"109","ryank001","Ryan","Ken","R","R","BOS","P"
"110","tayls001","Taylor","Scott","L","L","BOS","P"
"111","valej002","Valentin","John","R","R","BOS","SS"
"112","vaugm001","Vaughn","Mo","L","R","BOS","1B"
"113","violf001","Viola","Frank","L","L","BOS","P"
"114","wedge001","Wedge","Eric","R","R","BOS","DH"
"115","winnh001","Winningham","Herm","L","R","BOS","OF"
"116","younm001","Young","Matt","L","L","BOS","P"
"117","zupcb001","Zupcic","Bob","R","R","BOS","OF"
"118","abboj001","Abbott","Jim","L","L","CAL","P"
"119","bails001","Bailes","Scott","L","L","CAL","P"
"120","blylb001","Blyleven","Bert","R","R","CAL","P"
"121","brooh001","Brooks","Hubie","R","R","CAL","DH"
"122","butcm001","Butcher","Mike","R","R","CAL","P"
"123","crimc001","Crim","Chuck","R","R","CAL","P"
"124","curtc001","Curtis","Chad","R","R","CAL","OF"
"125","davia002","Davis","Alvin","L","R","CAL","1B"
"126","disag001","Disarcina","Gary","R","R","CAL","SS"
"127","duceb001","Ducey","Rob","L","R","CAL","OF"
"128","easld001","Easley","Damion","R","R","CAL","3B"
"129","eichm001","Eichhorn","Mark","R","R","CAL","P"
"130","felij001","Felix","Junior","B","R","CAL","OF"
"131","finlc001","Finley","Chuck","L","L","CAL","P"
"132","fitzm001","Fitzgerald","Mike","R","R","CAL","C"
"133","fortt001","Fortugno","Tim","L","L","CAL","P"
"134","freys001","Frey","Steve","R","L","CAL","P"
"135","gaetg001","Gaetti","Gary","R","R","CAL","3B"
"136","gonzj001","Gonzalez","Jose","R","R","CAL","OF"
"137","gonzr001","Gonzales","Rene","R","R","CAL","3B"
"138","grahj001","Grahe","Joe","R","R","CAL","P"
"139","harvb001","Harvey","Bryan","R","R","CAL","P"
"140","hathh001","Hathaway","Hilly","L","L","CAL","P"
"141","hayev001","Hayes","Von","L","R","CAL","OF"
"142","langm001","Langston","Mark","R","L","CAL","P"
"143","lewis001","Lewis","Scott","R","R","CAL","P"
"144","morrj003","Morris","John","L","L","CAL","OF"
"145","myerg001","Myers","Greg","L","R","CAL","C"
"146","oberk001","Oberkfell","Ken","L","R","CAL","2B"
"147","ortoj001","Orton","John","R","R","CAL","C"
"148","parrl001","Parrish","Lance","R","R","CAL","C"
"149","polol001","Polonia","Luis","L","L","CAL","OF"
"150","robid001","Robinson","Don","R","R","CAL","P"
"151","roseb001","Rose","Bobby","R","R","CAL","2B"
"152","salmt001","Salmon","Tim","R","R","CAL","OF"
"153","schod001","Schofield","Dick","R","R","CAL","SS"
"154","sojol001","Sojo","Luis","R","R","CAL","2B"
"155","stevl001","Stevens","Lee","L","L","CAL","1B"
"156","tingr001","Tingley","Ron","R","R","CAL","C"
"157","valej001","Valera","Julio","R","R","CAL","P"
"158","willr002","Williams","Reggie","B","R","CAL","OF"
"159","abnes001","Abner","Shawn","R","R","CHA","OF"
"160","alvaw001","Alvarez","Wilson","L","L","CHA","P"
"161","bellg001","Bell","George","R","R","CHA","DH"
"162","belte001","Beltre","Esteban","R","R","CHA","SS"
"163","coraj001","Cora","Joey","B","R","CHA","2B"
"164","cronc001","Cron","Chris","R","R","CHA","1B"
"165","drahb001","Drahman","Brian","R","R","CHA","P"
"166","dunnm001","Dunne","Mike","R","R","CHA","P"
"167","ferna001","Fernandez","Alex","R","R","CHA","P"
"168","fiskc001","Fisk","Carlton","R","R","CHA","C"
"169","grebc001","Grebeck","Craig","R","R","CHA","SS"
"170","guilo001","Guillen","Ozzie","L","R","CHA","SS"
"171","hemos001","Hemond","Scott","R","R","CHA","DH"
"172","hernr001","Hernandez","Roberto","R","R","CHA","P"
"173","hibbg001","Hibbard","Greg","L","L","CHA","P"
"174","hougc001","Hough","Charlie","R","R","CHA","P"
"175","huffm001","Huff","Mike","R","R","CHA","OF"
"176","jetes001","Jeter","Shawn","L","R","CHA","OF"
"177","johnl001","Johnson","Lance","L","L","CHA","OF"
"178","karkr001","Karkovice","Ron","R","R","CHA","C"
"179","leact001","Leach","Terry","R","R","CHA","P"
"180","mccak001","McCaskill","Kirk","R","R","CHA","P"
"181","mcdoj001","McDowell","Jack","R","R","CHA","P"
"182","merum001","Merullo","Matt","L","R","CHA","C"
"183","newsw001","Newson","Warren","L","L","CHA","OF"
"184","palld001","Pall","Donn","R","R","CHA","P"
"185","pasqd001","Pasqua","Dan","L","L","CHA","OF"
"186","radis001","Radinsky","Scott","L","L","CHA","P"
"187","raint001","Raines","Tim","B","R","CHA","OF"
"188","santn001","Santovenia","Nelson","R","R","CHA","C"
"189","sax-s001","Sax","Steve","R","R","CHA","2B"
"190","sveud001","Sveum","Dale","B","R","CHA","SS"
"191","thigb001","Thigpen","Bobby","R","R","CHA","P"
"192","thomf001","Thomas","Frank","R","R","CHA","1B"
"193","ventr001","Ventura","Robin","L","R","CHA","3B"
"194","ariaa001","Arias","Alex","R","R","CHN","SS"
"195","assep001","Assenmacher","Paul","L","L","CHN","P"
"196","bosks001","Boskie","Shawn","R","R","CHN","P"
"197","buecs001","Buechele","Steve","R","R","CHN","3B"
"198","bullj001","Bullinger","Jim","R","R","CHN","P"
"199","castf001","Castillo","Frank","R","R","CHN","P"
"200","danik001","Daniels","Kal","L","R","CHN","OF"
"201","dascd001","Dascenzo","Doug","B","L","CHN","OF"
"202","dawsa001","Dawson","Andre","R","R","CHN","OF"
"203","dunss001","Dunston","Shawon","R","R","CHN","SS"
"204","giraj001","Girardi","Joe","R","R","CHN","C"
"205","gracm001","Grace","Mark","L","L","CHN","1B"
"206","harkm001","Harkey","Mike","R","R","CHN","P"
"207","hartj001","Hartsock","Jeff","R","R","CHN","P"
"208","hollj001","Hollins","Jessie","R","R","CHN","P"
"209","jackd001","Jackson","Danny","R","L","CHN","P"
"210","kunkj001","Kunkel","Jeff","R","R","CHN","SS"
"211","maddg002","Maddux","Greg","R","R","CHN","P"
"212","may-d001","May","Derrick","L","R","CHN","OF"
"213","mcelc001","McElroy","Chuck","L","L","CHN","P"
"214","morgm001","Morgan","Mike","R","R","CHN","P"
"215","pattk001","Patterson","Ken","L","L","CHN","P"
"216","pedrj001","Pedre","Jorge","R","R","CHN","C"
"217","ramsf001","Ramsey","Fernando","R","R","CHN","OF"
"218","rasmd001","Rasmussen","Dennis","L","L","CHN","P"
"219","robij001","Robinson","Jeff","R","R","CHN","P"
"220","salal001","Salazar","Luis","R","R","CHN","3B"
"221","sancr001","Sanchez","Rey","R","R","CHN","SS"
"222","sandr001","Sandberg","Ryne","R","R","CHN","2B"
"223","scanb001","Scanlan","Bob","R","R","CHN","P"
"224","scotg001","Scott","Gary","R","R","CHN","3B"
"225","sloch001","Slocumb","Heathcliff","R","R","CHN","P"
"226","smitd001","Smith","Dave","R","R","CHN","P"
"227","smitd003","Smith","Dwight","L","R","CHN","OF"
"228","sosas001","Sosa","Sammy","R","R","CHN","OF"
"229","strad002","Strange","Doug","B","R","CHN","3B"
"230","villh001","Villanueva","Hector","R","R","CHN","C"
"231","vizcj001","Vizcaino","Jose","B","R","CHN","SS"
"232","walkc001","Walker","Chico","B","R","CHN","OF"
"233","waltj001","Walton","Jerome","R","R","CHN","OF"
"234","wilkr001","Wilkins","Rick","L","R","CHN","C"
"235","afent001","Afenir","Troy","R","R","CIN","C"
"236","ayalb002","Ayala","Bobby","R","R","CIN","P"
"237","banks001","Bankhead","Scott","R","R","CIN","P"
"238","belct001","Belcher","Tim","R","R","CIN","P"
"239","benaf001","Benavides","Freddie","R","R","CIN","2B"
"240","berrg001","Berroa","Geronimo","R","R","CIN","OF"
"241","boltt001","Bolton","Tom","L","L","CIN","P"
"242","brads001","Bradley","Scott","L","R","CIN","C"
"243","bragg001","Braggs","Glenn","R","R","CIN","OF"
"244","branj002","Branson","Jeff","L","R","CIN","2B"
"245","browk002","Brown","Keith","B","R","CIN","P"
"246","browt001","Browning","Tom","L","L","CIN","P"
"247","brumj001","Brumfield","Jacob","R","R","CIN","OF"
"248","charn001","Charlton","Norm","B","L","CIN","P"
"249","coled001","Coles","Darnell","R","R","CIN","3B"
"250","costt001","Costo","Tim","R","R","CIN","1B"
"251","dibbr001","Dibble","Rob","L","R","CIN","P"
"252","dorab001","Doran","Bill","B","R","CIN","2B"
"253","fosts001","Foster","Steve","R","R","CIN","P"
"254","greeg001","Green","Gary","R","R","CIN","SS"
"255","greew001","Greene","Willie","L","R","CIN","3B"
"256","hammc001","Hammond","Chris","L","L","CIN","P"
"257","hatcb001","Hatcher","Billy","R","R","CIN","OF"
"258","henrd001","Henry","Dwayne","R","R","CIN","P"
"259","hernc002","Hernandez","Cesar","R","R","CIN","OF"
"260","hillm002","Hill","Milt","R","R","CIN","P"
"261","larkb001","Larkin","Barry","R","R","CIN","SS"
"262","martd002","Martinez","Dave","L","L","CIN","OF"
"263","menet001","Menendez","Tony","R","R","CIN","P"
"264","morrh001","Morris","Hal","L","L","CIN","1B"
"265","olivj001","Oliver","Joe","R","R","CIN","C"
"266","oneip001","O'Neill","Paul","L","L","CIN","OF"
"267","pught001","Pugh","Tim","R","R","CIN","P"
"268","reedj001","Reed","Jeff","L","R","CIN","C"
"269","rijoj001","Rijo","Jose","R","R","CIN","P"
"270","robeb002","Roberts","Bip","B","R","CIN","OF"
"271","rusks001","Ruskin","Scott","R","L","CIN","P"
"272","saboc001","Sabo","Chris","R","R","CIN","3B"
"273","sandr002","Sanders","Reggie","R","R","CIN","OF"
"274","swing001","Swindell","Greg","R","L","CIN","P"
"275","wilsd001","Wilson","Dan","R","R","CIN","C"
"276","wronr001","Wrona","Rick","R","R","CIN","C"
"277","aloms001","Alomar","Sandy","R","R","CLE","C"
"278","armsj001","Armstrong","Jack","R","R","CLE","P"
"279","arnsb001","Arnsberg","Brad","R","R","CLE","P"
"280","baerc001","Baerga","Carlos","B","R","CLE","2B"
"281","belle001","Bell","Eric","L","L","CLE","P"
"282","bellj002","Belle","Albert","R","R","CLE","DH"
"283","boucd001","Boucher","Denis","R","L","CLE","P"
"284","chrim001","Christopher","Mike","R","R","CLE","P"
"285","colea001","Cole","Alex","L","L","CLE","OF"
"286","cookd001","Cook","Dennis","L","L","CLE","P"
"287","embra001","Embree","Alan","L","L","CLE","P"
"288","fermf001","Fermin","Felix","R","R","CLE","SS"
"289","hernj001","Hernandez","Jose","R","R","CLE","SS"
"290","hillg001","Hill","Glenallen","R","R","CLE","OF"
"291","howat001","Howard","Thomas","B","R","CLE","OF"
"292","jacob001","Jacoby","Brook","R","R","CLE","3B"
"293","jeffr001","Jefferson","Reggie","B","L","CLE","1B"
"294","kirbw001","Kirby","Wayne","L","R","CLE","DH"
"295","levij001","Levis","Jesse","L","R","CLE","C"
"296","lewim001","Lewis","Mark","R","R","CLE","SS"
"297","lilld001","Lilliquist","Derek","L","L","CLE","P"
"298","loftk001","Lofton","Kenny","L","L","CLE","OF"
"299","martc002","Martinez","Carlos","R","R","CLE","1B"
"300","mesaj001","Mesa","Jose","R","R","CLE","P"
"301","mlicd001","Mlicki","Dave","R","R","CLE","P"
"302","mutij001","Mutis","Jeff","L","L","CLE","P"
"303","nagyc001","Nagy","Charles","L","R","CLE","P"
"304","nichr002","Nichols","Rod","R","R","CLE","P"
"305","olins001","Olin","Steve","R","R","CLE","P"
"306","ortij001","Ortiz","Junior","R","R","CLE","C"
"307","ottod001","Otto","Dave","L","L","CLE","P"
"308","peret002","Perezchica","Tony","R","R","CLE","3B"
"309","plune001","Plunk","Eric","R","R","CLE","P"
"310","powet001","Power","Ted","R","R","CLE","P"
"311","rohdd001","Rohde","Dave","B","R","CLE","3B"
"312","scuds001","Scudder","Scott","R","R","CLE","P"
"313","shawj001","Shaw","Jeff","R","R","CLE","P"
"314","sorrp001","Sorrento","Paul","L","R","CLE","1B"
"315","thomj002","Thome","Jim","L","R","CLE","3B"
"316","whitm001","Whiten","Mark","B","R","CLE","OF"
"317","wickk001","Wickander","Kevin","L","L","CLE","P"
"318","wortc001","Worthington","Craig","R","R","CLE","3B"
"319","aldrs001","Aldred","Scott","L","L","DET","P"
"320","barns001","Barnes","Skeeter","R","R","DET","3B"
"321","bergd001","Bergman","Dave","L","L","DET","1B"
"322","brogr001","Brogna","Rico","L","L","DET","1B"
"323","carrm001","Carreon","Mark","R","L","DET","OF"
"324","clarp001","Clark","Phil","R","R","DET","OF"
"325","cuylm001","Cuyler","Milt","B","R","DET","OF"
"326","deerr001","Deer","Rob","R","R","DET","OF"
"327","dohej001","Doherty","John","R","R","DET","P"
"328","fielc001","Fielder","Cecil","R","R","DET","1B"
"329","frymt001","Fryman","Travis","R","R","DET","SS"
"330","gladd001","Gladden","Dan","R","R","DET","OF"
"331","groob001","Groom","Buddy","L","L","DET","P"
"332","gullb001","Gullickson","Bill","R","R","DET","P"
"333","haasd001","Haas","Dave","R","R","DET","P"
"334","hares001","Hare","Shawn","L","L","DET","OF"
"335","hennm001","Henneman","Mike","R","R","DET","P"
"336","kielj001","Kiely","John","R","R","DET","P"
"337","kinge001","King","Eric","R","R","DET","P"
"338","knudk001","Knudsen","Kurt","R","R","DET","P"
"339","kreuc001","Kreuter","Chad","B","R","DET","C"
"340","lancl001","Lancaster","Les","R","R","DET","P"
"341","leitm001","Leiter","Mark","R","R","DET","P"
"342","livis001","Livingstone","Scott","L","R","DET","3B"
"343","munom001","Munoz","Mike","L","L","DET","P"
"344","pettg001","Pettis","Gary","B","R","DET","OF"
"345","philt001","Phillips","Tony","B","R","DET","OF"
"346","ritzk001","Ritz","Kevin","R","R","DET","P"
"347","rowlr001","Rowland","Rich","R","R","DET","C"
"348","tanaf001","Tanana","Frank","L","L","DET","P"
"349","terrw001","Terrell","Walt","L","R","DET","P"
"350","tettm001","Tettleton","Mickey","B","R","DET","C"
"351","trama001","Trammell","Alan","R","R","DET","SS"
"352","whitl001","Whitaker","Lou","L","R","DET","2B"
"353","anthe001","Anthony","Eric","L","L","HOU","OF"
"354","bagwj001","Bagwell","Jeff","R","R","HOU","1B"
"355","biggc001","Biggio","Craig","R","R","HOU","2B"
"356","blaiw001","Blair","Willie","R","R","HOU","P"
"357","boevj001","Boever","Joe","R","R","HOU","P"
"358","bower001","Bowen","Ryan","R","R","HOU","P"
"359","camik001","Caminiti","Ken","B","R","HOU","3B"
"360","candc001","Candaele","Casey","B","R","HOU","SS"
"361","cedea001","Cedeno","Andujar","R","R","HOU","SS"
"362","distb001","Distefano","Benny","L","L","HOU","OF"
"363","finls001","Finley","Steve","L","L","HOU","OF"
"364","gonzl001","Gonzalez","Luis","L","R","HOU","OF"
"365","guerj001","Guerrero","Juan","R","R","HOU","SS"
"366","harnp001","Harnisch","Pete","B","R","HOU","P"
"367","henrb001","Henry","Butch","L","L","HOU","P"
"368","hernx001","Hernandez","Xavier","L","R","HOU","P"
"369","incap001","Incaviglia","Pete","R","R","HOU","OF"
"370","jonec002","Jones","Chris","R","R","HOU","OF"
"371","joned001","Jones","Doug","R","R","HOU","P"
"372","jonej002","Jones","Jimmy","R","R","HOU","P"
"373","kiled001","Kile","Darryl","R","R","HOU","P"
"374","mallr001","Mallicoat","Rob","L","L","HOU","P"
"375","murpr001","Murphy","Rob","L","L","HOU","P"
"376","osuna001","Osuna","Al","R","L","HOU","P"
"377","portm001","Portugal","Mark","R","R","HOU","P"
"378","ramir001","Ramirez","Rafael","R","R","HOU","SS"
"379","reyns001","Reynolds","Shane","R","R","HOU","P"
"380","rhodk001","Rhodes","Tuffy","L","L","HOU","OF"
"381","rilee001","Riles","Ernie","L","R","HOU","SS"
"382","scher001","Scheid","Rich","L","L","HOU","P"
"383","servs002","Servais","Scott","R","R","HOU","C"
"384","simmm001","Simms","Mike","R","R","HOU","OF"
"385","taube001","Taubensee","Ed","L","R","HOU","C"
"386","tucke001","Tucker","Eddie","R","R","HOU","C"
"387","walld001","Walling","Denny","L","R","HOU","PH"
"388","willb001","Williams","Brian","R","R","HOU","P"
"389","yelde001","Yelding","Eric","R","R","HOU","OF"
"390","young001","Young","Gerald","B","R","HOU","OF"
"391","appik001","Appier","Kevin","R","R","KCA","P"
"392","aquil001","Aquino","Luis","R","R","KCA","P"
"393","berej001","Berenguer","Juan","R","R","KCA","P"
"394","boddm001","Boddicker","Mike","R","R","KCA","P"
"395","bretg001","Brett","George","L","R","KCA","DH"
"396","conij001","Conine","Jeff","R","R","KCA","OF"
"397","davim001","Davis","Mark","L","L","KCA","P"
"398","eisej001","Eisenreich","Jim","L","L","KCA","OF"
"399","gordt001","Gordon","Tom","R","R","KCA","P"
"400","gubim001","Gubicza","Mark","R","R","KCA","P"
"401","gwync001","Gwynn","Chris","L","L","KCA","OF"
"402","hanec001","Haney","Chris","L","L","KCA","P"
"403","heatn001","Heaton","Neal","L","L","KCA","P"
"404","howad001","Howard","David","B","R","KCA","SS"
"405","jeffg001","Jefferies","Gregg","B","R","KCA","3B"
"406","johnj005","Johnston","Joel","R","R","KCA","P"
"407","joynw001","Joyner","Wally","L","L","KCA","1B"
"408","koslk001","Koslofski","Kevin","L","R","KCA","OF"
"409","macfm001","Macfarlane","Mike","R","R","KCA","C"
"410","magnm001","Magnante","Mike","L","L","KCA","P"
"411","maynb001","Mayne","Brent","L","R","KCA","C"
"412","mcrab001","McRae","Brian","B","R","KCA","OF"
"413","mcrek001","McReynolds","Kevin","R","R","KCA","OF"
"414","meacr001","Meacham","Rusty","R","R","KCA","P"
"415","melvb001","Melvin","Bob","R","R","KCA","C"
"416","millk001","Miller","Keith","R","R","KCA","2B"
"417","moeld001","Moeller","Dennis","R","L","KCA","P"
"418","montj002","Montgomery","Jeff","R","R","KCA","P"
"419","pichh001","Pichardo","Hipolito","R","R","KCA","P"
"420","piere001","Pierce","Ed","L","L","KCA","P"
"421","pullh001","Pulliam","Harvey","R","R","KCA","DH"
"422","rasmd001","Rasmussen","Dennis","L","L","KCA","P"
"423","reedr002","Reed","Rick","R","R","KCA","P"
"424","rossr001","Rossy","Rico","R","R","KCA","SS"
"425","sampb002","Sampen","Bill","R","R","KCA","P"
"426","samuj001","Samuel","Juan","R","R","KCA","OF"
"427","sauvr001","Sauveur","Rich","L","L","KCA","P"
"428","shifs001","Shifflett","Steve","R","R","KCA","P"
"429","shumt001","Shumpert","Terry","R","R","KCA","2B"
"430","thurg001","Thurman","Gary","R","R","KCA","OF"
"431","wilkc001","Wilkerson","Curt","B","R","KCA","SS"
"432","younc001","Young","Curt","R","L","KCA","P"
"433","anded001","Anderson","Dave","R","R","LAN","3B"
"434","ashlb001","Ashley","Billy","R","R","LAN","OF"
"435","astap001","Astacio","Pedro","R","R","LAN","P"
"436","benzt001","Benzinger","Todd","B","R","LAN","OF"
"437","bourr001","Bournigal","Rafael","R","R","LAN","SS"
"438","butlb001","Butler","Brett","L","L","LAN","OF"
"439","candj001","Candelaria","John","L","L","LAN","P"
"440","candt001","Candiotti","Tom","R","R","LAN","P"
"441","crewt001","Crews","Tim","R","R","LAN","P"
"442","danik001","Daniels","Kal","L","R","LAN","OF"
"443","davie001","Davis","Eric","R","R","LAN","OF"
"444","goodt001","Goodwin","Tom","L","R","LAN","OF"
"445","gottj001","Gott","Jim","R","R","LAN","P"
"446","grosk001","Gross","Kevin","R","R","LAN","P"
"447","grosk002","Gross","Kip","R","R","LAN","P"
"448","hansd001","Hansen","Dave","L","R","LAN","3B"
"449","harrl001","Harris","Lenny","L","R","LAN","2B"
"450","hernc001","Hernandez","Carlos","R","R","LAN","C"
"451","herso001","Hershiser","Orel","R","R","LAN","P"
"452","howej001","Howell","Jay","R","R","LAN","P"
"453","javis001","Javier","Stan","B","R","LAN","OF"
"454","karre001","Karros","Eric","R","R","LAN","1B"
"455","martp001","Martinez","Pedro","R","R","LAN","P"
"456","martr002","Martinez","Ramon","L","R","LAN","P"
"457","mcdor001","McDowell","Roger","R","R","LAN","P"
"458","offej001","Offerman","Jose","B","R","LAN","SS"
"459","ojedb001","Ojeda","Bob","L","L","LAN","P"
"460","piazm001","Piazza","Mike","R","R","LAN","C"
"461","rodrh001","Rodriguez","Henry","L","L","LAN","OF"
"462","samuj001","Samuel","Juan","R","R","LAN","2B"
"463","sciom001","Scioscia","Mike","L","R","LAN","C"
"464","sharm001","Sharperson","Mike","R","R","LAN","2B"
"465","strad001","Strawberry","Darryl","L","L","LAN","OF"
"466","websm001","Webster","Mitch","B","L","LAN","OF"
"467","wilss001","Wilson","Steve","L","L","LAN","P"
"468","youne001","Young","Eric","R","R","LAN","2B"
"469","allaa001","Allanson","Andy","R","R","MIL","C"
"470","austj001","Austin","Jim","R","R","MIL","P"
"471","bichd001","Bichette","Dante","R","R","MIL","OF"
"472","boner001","Bones","Ricky","R","R","MIL","P"
"473","bosic001","Bosio","Chris","R","R","MIL","P"
"474","diaza001","Diaz","Alex","B","R","MIL","OF"
"475","eldrc001","Eldred","Cal","R","R","MIL","P"
"476","fettm001","Fetters","Mike","R","R","MIL","P"
"477","flets001","Fletcher","Scott","R","R","MIL","2B"
"478","gantj001","Gantner","Jim","L","R","MIL","2B"
"479","hamid001","Hamilton","Darryl","L","R","MIL","OF"
"480","heatn001","Heaton","Neal","L","L","MIL","P"
"481","henrd002","Henry","Doug","R","R","MIL","P"
"482","holmd001","Holmes","Darren","R","R","MIL","P"
"483","jahaj001","Jaha","John","R","R","MIL","1B"
"484","listp001","Listach","Pat","B","R","MIL","SS"
"485","mcint001","McIntosh","Tim","R","R","MIL","C"
"486","molip001","Molitor","Paul","R","R","MIL","DH"
"487","navaj001","Navarro","Jaime","R","R","MIL","P"
"488","nilsd001","Nilsson","Dave","L","R","MIL","C"
"489","nunee001","Nunez","Ed","R","R","MIL","P"
"490","orosj001","Orosco","Jesse","R","L","MIL","P"
"491","plesd001","Plesac","Dan","L","L","MIL","P"
"492","robir001","Robinson","Ron","R","R","MIL","P"
"493","ruffb001","Ruffin","Bruce","B","L","MIL","P"
"494","seitk001","Seitzer","Kevin","R","R","MIL","3B"
"495","spieb001","Spiers","Bill","L","R","MIL","SS"
"496","stubf001","Stubbs","Franklin","L","L","MIL","1B"
"497","suerw001","Suero","William","R","R","MIL","2B"
"498","surhb001","Surhoff","B.J.","L","R","MIL","C"
"499","tatuj001","Tatum","Jim","R","R","MIL","3B"
"500","valej003","Valentin","Jose","B","R","MIL","2B"
"501","vaugg001","Vaughn","Greg","R","R","MIL","OF"
"502","wegmb001","Wegman","Bill","R","R","MIL","P"
"503","younr001","Yount","Robin","R","R","MIL","OF"
"504","abbop001","Abbott","Paul","R","R","MIN","P"
"505","aguir001","Aguilera","Rick","R","R","MIN","P"
"506","bankw001","Banks","Willie","R","R","MIN","P"
"507","britb001","Brito","Bernardo","R","R","MIN","OF"
"508","browj002","Brown","Jarvis","R","R","MIN","OF"
"509","bruej001","Bruett","J.T.","L","L","MIN","OF"
"510","bushr001","Bush","Randy","L","L","MIN","DH"
"511","casil001","Casian","Larry","R","L","MIN","P"
"512","davic001","Davis","Chili","B","R","MIN","DH"
"513","edent001","Edens","Tom","R","R","MIN","P"
"514","erics001","Erickson","Scott","R","R","MIN","P"
"515","gagng001","Gagne","Greg","R","R","MIN","SS"
"516","gozzm001","Gozzo","Mauro","R","R","MIN","P"
"517","guthm001","Guthrie","Mark","R","L","MIN","P"
"518","harpb001","Harper","Brian","R","R","MIN","C"
"519","hilld001","Hill","Donnie","B","R","MIN","SS"
"520","hrbek001","Hrbek","Kent","L","R","MIN","1B"
"521","jorgt001","Jorgensen","Terry","R","R","MIN","1B"
"522","kippb001","Kipper","Bob","R","L","MIN","P"
"523","knobc001","Knoblauch","Chuck","R","R","MIN","2B"
"524","krueb001","Krueger","Bill","L","L","MIN","P"
"525","larkg001","Larkin","Gene","B","R","MIN","1B"
"526","leius001","Leius","Scott","R","R","MIN","3B"
"527","macks001","Mack","Shane","R","R","MIN","OF"
"528","mahop001","Mahomes","Pat","R","R","MIN","P"
"529","munop001","Munoz","Pedro","R","R","MIN","OF"
"530","paglm001","Pagliarulo","Mike","L","R","MIN","3B"
"531","parkd002","Parks","Derek","R","R","MIN","C"
"532","puckk001","Puckett","Kirby","R","R","MIN","OF"
"533","quinl001","Quinones","Luis","B","R","MIN","3B"
"534","reboj001","Reboulet","Jeff","R","R","MIN","SS"
"535","reedd001","Reed","Darren","R","R","MIN","OF"
"536","smilj001","Smiley","John","L","L","MIN","P"
"537","tapak001","Tapani","Kevin","R","R","MIN","P"
"538","tromm001","Trombley","Mike","R","R","MIN","P"
"539","wayng001","Wayne","Gary","L","L","MIN","P"
"540","websl001","Webster","Lenny","R","R","MIN","C"
"541","westd001","West","David","L","L","MIN","P"
"542","willc001","Willis","Carl","L","R","MIN","P"
"543","aloum001","Alou","Moises","R","R","MON","OF"
"544","barbb001","Barberie","Bret","B","R","MON","3B"
"545","barnb001","Barnes","Brian","L","L","MON","P"
"546","berrs001","Berry","Sean","R","R","MON","3B"
"547","bottk001","Bottenfield","Kent","R","R","MON","P"
"548","bulle001","Bullock","Eric","L","L","MON","PH"
"549","caldi001","Calderon","Ivan","R","R","MON","OF"
"550","cartg001","Carter","Gary","R","R","MON","C"
"551","ceror001","Cerone","Rick","R","R","MON","C"
"552","ciana001","Cianfrocco","Archi","R","R","MON","1B"
"553","colbg001","Colbrunn","Greg","R","R","MON","1B"
"554","cordw001","Cordero","Wil","R","R","MON","SS"
"555","deshd001","DeShields","Delino","L","R","MON","2B"
"556","fassj001","Fassero","Jeff","L","L","MON","P"
"557","fletd001","Fletcher","Darrin","L","R","MON","C"
"558","folet001","Foley","Tom","L","R","MON","SS"
"559","gardm001","Gardner","Mark","R","R","MON","P"
"560","goffj001","Goff","Jerry","L","R","MON","PH"
"561","grism001","Grissom","Marquis","R","R","MON","OF"
"562","hanec001","Haney","Chris","L","L","MON","P"
"563","hanet001","Haney","Todd","R","R","MON","2B"
"564","hereg001","Heredia","Gil","R","R","MON","P"
"565","hillk001","Hill","Ken","R","R","MON","P"
"566","hursj001","Hurst","Jonathan","R","R","MON","P"
"567","krueb001","Krueger","Bill","L","L","MON","P"
"568","laket001","Laker","Tim","R","R","MON","C"
"569","landb001","Landrum","Bill","R","R","MON","P"
"570","lyons001","Lyons","Steve","L","R","MON","OF"
"571","martd001","Martinez","Dennis","R","R","MON","P"
"572","maysm001","Maysey","Matt","R","R","MON","P"
"573","nabhc001","Nabholz","Chris","L","L","MON","P"
"574","natab001","Natal","Rob","R","R","MON","C"
"575","owens001","Owen","Spike","B","R","MON","SS"
"576","reedd001","Reed","Darren","R","R","MON","OF"
"577","rislb001","Risley","Bill","R","R","MON","P"
"578","rojam001","Rojas","Mel","R","R","MON","P"
"579","sampb002","Sampen","Bill","R","R","MON","P"
"580","servs001","Service","Scott","R","R","MON","P"
"581","simod001","Simons","Doug","L","L","MON","P"
"582","staim001","Stairs","Matt","L","R","MON","OF"
"583","valds001","Valdez","Sergio","R","R","MON","P"
"584","vandj001","Vander Wal","John","L","L","MON","OF"
"585","walkl001","Walker","Larry","L","R","MON","OF"
"586","wallt001","Wallach","Tim","R","R","MON","3B"
"587","wettj001","Wetteland","John","R","R","MON","P"
"588","willj001","Willard","Jerry","L","R","MON","1B"
"589","younp001","Young","Pete","R","R","MON","P"
"590","barfj001","Barfield","Jesse","R","R","NYA","OF"
"591","burkt001","Burke","Tim","R","R","NYA","P"
"592","cadag001","Cadaret","Greg","L","L","NYA","P"
"593","farrs001","Farr","Steve","R","R","NYA","P"
"594","gallm001","Gallego","Mike","R","R","NYA","2B"
"595","guetl001","Guetterman","Lee","L","L","NYA","P"
"596","habyj001","Habyan","John","R","R","NYA","P"
"597","hallm001","Hall","Mel","L","L","NYA","OF"
"598","hayec001","Hayes","Charlie","R","R","NYA","3B"
"599","hills001","Hillegas","Shawn","R","R","NYA","P"
"600","hitcs001","Hitchcock","Sterling","L","L","NYA","P"
"601","howes001","Howe","Steve","L","L","NYA","P"
"602","humpm001","Humphreys","Mike","R","R","NYA","OF"
"603","jamed001","James","Dion","L","L","NYA","OF"
"604","johnj004","Johnson","Jeff","R","L","NYA","P"
"605","kamis001","Kamieniecki","Scott","R","R","NYA","P"
"606","kellb002","Kelly","Roberto","R","R","NYA","OF"
"607","kellp001","Kelly","Pat","R","R","NYA","2B"
"608","leart001","Leary","Tim","R","R","NYA","P"
"609","leyrj001","Leyritz","Jim","R","R","NYA","DH"
"610","maask001","Maas","Kevin","L","L","NYA","DH"
"611","mattd001","Mattingly","Don","L","L","NYA","1B"
"612","meulh001","Meulens","Hensley","R","R","NYA","3B"
"613","milis001","Militello","Sam","R","R","NYA","P"
"614","montr002","Monteleone","Rich","R","R","NYA","P"
"615","nielj001","Nielsen","Jerry","L","L","NYA","P"
"616","nokem001","Nokes","Matt","L","R","NYA","C"
"617","perem001","Perez","Melido","R","R","NYA","P"
"618","sands001","Sanderson","Scott","R","R","NYA","P"
"619","silvd001","Silvestri","Dave","R","R","NYA","SS"
"620","snowj001","Snow","J.T.","L","L","NYA","1B"
"621","sprir001","Springer","Russ","R","R","NYA","P"
"622","stana001","Stankiewicz","Andy","R","R","NYA","SS"
"623","stanm002","Stanley","Mike","R","R","NYA","C"
"624","tartd001","Tartabull","Danny","R","R","NYA","OF"
"625","velar001","Velarde","Randy","R","R","NYA","SS"
"626","wickb001","Wickman","Bob","R","R","NYA","P"
"627","willb002","Williams","Bernie","B","R","NYA","OF"
"628","willg001","Williams","Gerald","R","R","NYA","OF"
"629","younc001","Young","Curt","R","L","NYA","P"
"630","baezk001","Baez","Kevin","R","R","NYN","SS"
"631","bassk001","Bass","Kevin","B","R","NYN","OF"
"632","birkm001","Birkbeck","Mike","R","R","NYN","P"
"633","bonib001","Bonilla","Bobby","B","R","NYN","OF"
"634","bostd001","Boston","Daryl","L","L","NYN","OF"
"635","burkt001","Burke","Tim","R","R","NYN","P"
"636","colev001","Coleman","Vince","B","R","NYN","OF"
"637","coned001","Cone","David","L","R","NYN","P"
"638","dewem001","Dewey","Mark","R","R","NYN","P"
"639","donnc001","Donnels","Chris","L","R","NYN","3B"
"640","dozid001","Dozier","D.J.","R","R","NYN","OF"
"641","elstk001","Elster","Kevin","R","R","NYN","SS"
"642","ferns001","Fernandez","Sid","L","L","NYN","P"
"643","filet001","Filer","Tom","R","R","NYN","P"
"644","franj001","Franco","John","L","L","NYN","P"
"645","galld001","Gallagher","Dave","R","R","NYN","OF"
"646","gibsp001","Gibson","Paul","R","L","NYN","P"
"647","goodd001","Gooden","Dwight","R","R","NYN","P"
"648","guetl001","Guetterman","Lee","L","L","NYN","P"
"649","hille001","Hillman","Eric","L","L","NYN","P"
"650","howep001","Howell","Pat","B","R","NYN","OF"
"651","hundt001","Hundley","Todd","B","R","NYN","C"
"652","innij001","Innis","Jeff","R","R","NYN","P"
"653","johnh001","Johnson","Howard","B","R","NYN","OF"
"654","joneb002","Jones","Barry","R","R","NYN","P"
"655","kentj001","Kent","Jeff","R","R","NYN","2B"
"656","magad001","Magadan","Dave","L","R","NYN","3B"
"657","mccrr001","McCray","Rodney","R","R","NYN","OF"
"658","mcknj001","McKnight","Jeff","B","R","NYN","2B"
"659","murre001","Murray","Eddie","B","R","NYN","1B"
"660","noboj001","Noboa","Junior","R","R","NYN","2B"
"661","obric001","O'Brien","Charlie","R","R","NYN","C"
"662","pecob001","Pecota","Bill","R","R","NYN","3B"
"663","randw001","Randolph","Willie","R","R","NYN","2B"
"664","sabeb001","Saberhagen","Bret","R","R","NYN","P"
"665","sassm001","Sasser","Mackey","L","R","NYN","C"
"666","schod001","Schofield","Dick","R","R","NYN","SS"
"667","schop001","Schourek","Pete","L","L","NYN","P"
"668","spris001","Springer","Steve","R","R","NYN","2B"
"669","thomr004","Thompson","Ryan","R","R","NYN","OF"
"670","vitkj001","Vitko","Joe","R","R","NYN","P"
"671","walkc001","Walker","Chico","B","R","NYN","3B"
"672","whitw001","Whitehurst","Wally","R","R","NYN","P"
"673","youna001","Young","Anthony","R","R","NYN","P"
"674","bainh001","Baines","Harold","L","L","OAK","DH"
"675","blanl001","Blankenship","Lance","R","R","OAK","2B"
"676","bordm001","Bordick","Mike","R","R","OAK","2B"
"677","brisj001","Briscoe","John","R","R","OAK","P"
"678","bross001","Brosius","Scott","R","R","OAK","OF"
"679","browj001","Browne","Jerry","B","R","OAK","3B"
"680","campk001","Campbell","Kevin","R","R","OAK","P"
"681","cansj001","Canseco","Jose","R","R","OAK","OF"
"682","corsj001","Corsi","Jim","R","R","OAK","P"
"683","darlr001","Darling","Ron","R","R","OAK","P"
"684","downk001","Downs","Kelly","R","R","OAK","P"
"685","ecked001","Eckersley","Dennis","R","R","OAK","P"
"686","fox-e001","Fox","Eric","B","L","OAK","OF"
"687","gossr001","Gossage","Rich","R","R","OAK","P"
"688","guzmj002","Guzman","Johnny","R","L","OAK","P"
"689","hemos001","Hemond","Scott","R","R","OAK","C"
"690","hendd001","Henderson","Dave","R","R","OAK","OF"
"691","hendr001","Henderson","Rickey","R","L","OAK","OF"
"692","hills001","Hillegas","Shawn","R","R","OAK","P"
"693","honer001","Honeycutt","Rick","L","L","OAK","P"
"694","horsv001","Horsman","Vince","R","L","OAK","P"
"695","howid001","Howitt","Dann","L","R","OAK","OF"
"696","kingm001","Kingery","Mike","L","L","OAK","OF"
"697","lansc001","Lansford","Carney","R","R","OAK","3B"
"698","mcgwm001","McGwire","Mark","R","R","OAK","1B"
"699","merch001","Mercedes","Henry","R","R","OAK","C"
"700","moorm001","Moore","Mike","R","R","OAK","P"
"701","neelt001","Neel","Troy","L","R","OAK","DH"
"702","nelsg001","Nelson","Gene","R","R","OAK","P"
"703","parrj001","Parrett","Jeff","R","R","OAK","P"
"704","quirj001","Quirk","Jamie","L","R","OAK","C"
"705","raczm001","Raczka","Mike","L","L","OAK","P"
"706","readr001","Ready","Randy","R","R","OAK","DH"
"707","revet001","Revenig","Todd","R","R","OAK","P"
"708","russj001","Russell","Jeff","R","R","OAK","P"
"709","sierr001","Sierra","Ruben","B","R","OAK","OF"
"710","slusj001","Slusarski","Joe","R","R","OAK","P"
"711","steit001","Steinbach","Terry","R","R","OAK","C"
"712","stewd001","Stewart","Dave","R","R","OAK","P"
"713","waltb001","Walton","Bruce","R","R","OAK","P"
"714","weisw001","Weiss","Walt","B","R","OAK","SS"
"715","welcb001","Welch","Bob","R","R","OAK","P"
"716","wilsw001","Wilson","Willie","B","R","OAK","OF"
"717","wittb001","Witt","Bobby","R","R","OAK","P"
"718","abbok001","Abbott","Kyle","L","L","PHI","P"
"719","amarr002","Amaro","Ruben","B","R","PHI","OF"
"720","ashba002","Ashby","Andy","R","R","PHI","P"
"721","ayrab001","Ayrault","Bob","R","R","PHI","P"
"722","backw001","Backman","Wally","B","R","PHI","2B"
"723","ballj001","Baller","Jay","R","R","PHI","P"
"724","batik002","Batiste","Kim","R","R","PHI","SS"
"725","bellj003","Bell","Juan","B","R","PHI","SS"
"726","branc001","Brantley","Cliff","R","R","PHI","P"
"727","brinb001","Brink","Brad","R","R","PHI","P"
"728","castb001","Castillo","Braulio","R","R","PHI","OF"
"729","chamw001","Chamberlain","Wes","R","R","PHI","OF"
"730","chapd001","Chapin","Darrin","R","R","PHI","P"
"731","combp001","Combs","Pat","L","L","PHI","P"
"732","cox-d001","Cox","Danny","R","R","PHI","P"
"733","dauld001","Daulton","Darren","L","R","PHI","C"
"734","delej001","DeLeon","Jose","R","R","PHI","P"
"735","duncm001","Duncan","Mariano","R","R","PHI","OF"
"736","dyksl001","Dykstra","Lenny","L","L","PHI","OF"
"737","greet001","Greene","Tommy","R","R","PHI","P"
"738","grotj001","Grotewold","Jeff","L","R","PHI","C"
"739","hartm002","Hartley","Mike","R","R","PHI","P"
"740","holld001","Hollins","Dave","B","R","PHI","3B"
"741","javis001","Javier","Stan","B","R","PHI","OF"
"742","joneb002","Jones","Barry","R","R","PHI","P"
"743","jordr001","Jordan","Ricky","R","R","PHI","1B"
"744","krukj001","Kruk","John","L","L","PHI","1B"
"745","lakes001","Lake","Steve","R","R","PHI","C"
"746","lindj001","Lindeman","Jim","R","R","PHI","OF"
"747","marst001","Marsh","Tom","R","R","PHI","OF"
"748","mathg001","Mathews","Greg","R","L","PHI","P"
"749","millj001","Millette","Joe","R","R","PHI","SS"
"750","moram001","Morandini","Mickey","L","R","PHI","2B"
"751","mulht001","Mulholland","Terry","R","L","PHI","P"
"752","murpd001","Murphy","Dale","R","R","PHI","OF"
"753","peguj001","Peguero","Julio","B","R","PHI","OF"
"754","pratt001","Pratt","Todd","R","R","PHI","C"
"755","ritcw001","Ritchie","Wally","L","L","PHI","P"
"756","riveb001","Rivera","Ben","R","R","PHI","P"
"757","robid001","Robinson","Don","R","R","PHI","P"
"758","scars001","Scarsone","Steve","R","R","PHI","2B"
"759","schic002","Schilling","Curt","R","R","PHI","P"
"760","sears001","Searcy","Steve","L","L","PHI","P"
"761","shepk001","Shepherd","Keith","R","R","PHI","P"
"762","sveud001","Sveum","Dale","B","R","PHI","SS"
"763","westm001","Weston","Mickey","R","R","PHI","P"
"764","willm002","Williams","Mitch","L","L","PHI","P"
"765","willm005","Williams","Mike","R","R","PHI","P"
"766","batim001","Batista","Miguel","R","R","PIT","P"
"767","belis001","Belinda","Stan","R","R","PIT","P"
"768","bellj001","Bell","Jay","R","R","PIT","SS"
"769","bondb001","Bonds","Barry","L","L","PIT","OF"
"770","buecs001","Buechele","Steve","R","R","PIT","3B"
"771","clard001","Clark","Dave","L","R","PIT","OF"
"772","colea001","Cole","Alex","L","L","PIT","OF"
"773","colev002","Cole","Victor","B","R","PIT","P"
"774","cooks001","Cooke","Steve","R","L","PIT","P"
"775","cox-d001","Cox","Danny","R","R","PIT","P"
"776","drabd001","Drabek","Doug","R","R","PIT","P"
"777","espyc001","Espy","Cecil","B","R","PIT","OF"
"778","garcc001","Garcia","Carlos","R","R","PIT","2B"
"779","gibsk001","Gibson","Kirk","L","L","PIT","OF"
"780","gleaj001","Gleaton","Jerry","L","L","PIT","P"
"781","jackd001","Jackson","Danny","R","L","PIT","P"
"782","kingj001","King","Jeff","R","R","PIT","3B"
"783","lampd001","Lamp","Dennis","R","R","PIT","P"
"784","lavam001","LaValliere","Mike","L","R","PIT","C"
"785","lindj002","Lind","Jose","R","R","PIT","2B"
"786","marta001","Martin","Al","L","L","PIT","OF"
"787","masor001","Mason","Roger","R","R","PIT","P"
"788","mccll001","McClendon","Lloyd","R","R","PIT","OF"
"789","merco002","Merced","Orlando","B","R","PIT","1B"
"790","millp001","Miller","Paul","R","R","PIT","P"
"791","minob001","Minor","Blas","R","R","PIT","P"
"792","neagd001","Neagle","Denny","L","L","PIT","P"
"793","palav001","Palacios","Vicente","R","R","PIT","P"
"794","pattb001","Patterson","Bob","R","L","PIT","P"
"795","pennw001","Pennyfeather","Will","R","R","PIT","OF"
"796","print001","Prince","Tom","R","R","PIT","C"
"797","redug001","Redus","Gary","R","R","PIT","1B"
"798","robij002","Robinson","Jeff","R","R","PIT","P"
"799","slaud001","Slaught","Don","R","R","PIT","C"
"800","smitz001","Smith","Zane","L","L","PIT","P"
"801","tomlr001","Tomlin","Randy","L","L","PIT","P"
"802","vansa001","Van Slyke","Andy","L","R","PIT","OF"
"803","varsg001","Varsho","Gary","L","R","PIT","OF"
"804","wagnp001","Wagner","Paul","R","R","PIT","P"
"805","waket001","Wakefield","Tim","R","R","PIT","P"
"806","walkb001","Walk","Bob","R","R","PIT","P"
"807","wehnj001","Wehner","John","R","R","PIT","3B"
"808","younk001","Young","Kevin","R","R","PIT","3B"
"809","andel001","Andersen","Larry","R","R","SDN","P"
"810","azoco001","Azocar","Oscar","L","L","SDN","OF"
"811","benea001","Benes","Andy","R","R","SDN","P"
"812","bilad001","Bilardello","Dann","R","R","SDN","C"
"813","brocd001","Brocail","Doug","L","R","SDN","P"
"814","clarj002","Clark","Jerald","R","R","SDN","OF"
"815","clemp001","Clements","Pat","R","L","SDN","P"
"816","deshj001","Deshaies","Jim","L","L","SDN","P"
"817","eilad001","Eiland","Dave","R","R","SDN","P"
"818","farip001","Faries","Paul","R","R","SDN","2B"
"819","fernt001","Fernandez","Tony","B","R","SDN","SS"
"820","gardj001","Gardner","Jeff","L","R","SDN","2B"
"821","gwynt001","Gwynn","Tony","L","L","SDN","OF"
"822","harrg002","Harris","Greg","R","R","SDN","P"
"823","harrg003","Harris","Gene","R","R","SDN","P"
"824","hernj002","Hernandez","Jeremy","R","R","SDN","P"
"825","howat001","Howard","Thomas","B","R","SDN","PH"
"826","hursb001","Hurst","Bruce","L","L","SDN","P"
"827","jackd002","Jackson","Darrin","R","R","SDN","OF"
"828","lampt001","Lampkin","Tom","L","R","SDN","C"
"829","leffc001","Lefferts","Craig","L","L","SDN","P"
"830","maddm002","Maddux","Mike","L","R","SDN","P"
"831","mcgrf001","McGriff","Fred","L","L","SDN","1B"
"832","melej001","Melendez","Jose","R","R","SDN","P"
"833","myerr001","Myers","Randy","L","L","SDN","P"
"834","pettg001","Pettis","Gary","B","R","SDN","OF"
"835","rodrr004","Rodriguez","Rich","L","L","SDN","P"
"836","santb001","Santiago","Benito","R","R","SDN","C"
"837","scott002","Scott","Tim","R","R","SDN","P"
"838","semif001","Seminara","Frank","R","R","SDN","P"
"839","shefg001","Sheffield","Gary","R","R","SDN","3B"
"840","shipc001","Shipley","Craig","R","R","SDN","SS"
"841","stepp001","Stephenson","Phil","L","L","SDN","OF"
"842","stilk001","Stillwell","Kurt","B","R","SDN","2B"
"843","teuft001","Teufel","Tim","R","R","SDN","2B"
"844","vatcj001","Vatcher","Jim","R","R","SDN","OF"
"845","velag001","Velasquez","Guillermo","L","R","SDN","1B"
"846","waltd001","Walters","Dan","R","R","SDN","C"
"847","wardk001","Ward","Kevin","R","R","SDN","OF"
"848","ackej001","Acker","Jim","R","R","SEA","P"
"849","agosj001","Agosto","Juan","L","L","SEA","P"
"850","amarr001","Amaral","Rich","R","R","SEA","3B"
"851","barts001","Barton","Shawn","R","L","SEA","P"
"852","blowm001","Blowers","Mike","R","R","SEA","3B"
"853","boonb002","Boone","Bret","R","R","SEA","2B"
"854","brads001","Bradley","Scott","L","R","SEA","C"
"855","brilg001","Briley","Greg","L","R","SEA","OF"
"856","browk003","Brown","Kevin","L","L","SEA","P"
"857","buhnj001","Buhner","Jay","R","R","SEA","OF"
"858","cochd001","Cochrane","Dave","B","R","SEA","OF"
"859","cotth001","Cotto","Henry","R","R","SEA","OF"
"860","delur001","DeLucia","Rich","R","R","SEA","P"
"861","fishb001","Fisher","Brian","R","R","SEA","P"
"862","flemd001","Fleming","Dave","L","L","SEA","P"
"863","granm001","Grant","Mark","R","R","SEA","P"
"864","grifk002","Griffey","Ken","L","L","SEA","OF"
"865","gunde001","Gunderson","Eric","R","L","SEA","P"
"866","hanse001","Hanson","Erik","R","R","SEA","P"
"867","harrg003","Harris","Gene","R","R","SEA","P"
"868","haseb001","Haselman","Bill","R","R","SEA","C"
"869","heffb001","Heffernan","Bert","L","R","SEA","C"
"870","howid001","Howitt","Dann","L","R","SEA","OF"
"871","johnr005","Johnson","Randy","R","L","SEA","P"
"872","jonec003","Jones","Calvin","R","R","SEA","P"
"873","kramr001","Kramer","Randy","R","R","SEA","P"
"874","leart001","Leary","Tim","R","R","SEA","P"
"875","lennp001","Lennon","Pat","R","R","SEA","1B"
"876","marte001","Martinez","Edgar","R","R","SEA","3B"
"877","martt002","Martinez","Tino","L","R","SEA","1B"
"878","mitck001","Mitchell","Kevin","R","R","SEA","OF"
"879","mosej001","Moses","John","B","L","SEA","OF"
"880","nelsj001","Nelson","Jeff","R","R","SEA","P"
"881","obrip001","O'Brien","Pete","L","L","SEA","1B"
"882","parkc001","Parker","Clay","R","R","SEA","P"
"883","parrl001","Parrish","Lance","R","R","SEA","C"
"884","powed001","Powell","Dennis","R","L","SEA","P"
"885","reynh001","Reynolds","Harold","B","R","SEA","2B"
"886","schaj001","Schaefer","Jeff","R","R","SEA","SS"
"887","schmd001","Schmidt","Dave J.","R","R","SEA","P"
"888","schom001","Schooler","Mike","R","R","SEA","P"
"889","sinam001","Sinatro","Matt","R","R","SEA","C"
"890","swanr001","Swan","Russ","L","L","SEA","P"
"891","turns001","Turner","Shane","L","R","SEA","3B"
"892","valld001","Valle","Dave","R","R","SEA","C"
"893","vizqo001","Vizquel","Omar","B","R","SEA","SS"
"894","walkm002","Walker","Mike","R","R","SEA","P"
"895","woodk001","Woodson","Kerry","R","R","SEA","P"
"896","bailm001","Bailey","Mark","B","R","SFN","C"
"897","bassk001","Bass","Kevin","B","R","SFN","OF"
"898","beckr001","Beck","Rod","R","R","SFN","P"
"899","benjm001","Benjamin","Mike","R","R","SFN","SS"
"900","blacb001","Black","Buddy","L","L","SFN","P"
"901","branj001","Brantley","Jeff","R","R","SFN","P"
"902","burbd001","Burba","Dave","R","R","SFN","P"
"903","burkj001","Burkett","John","R","R","SFN","P"
"904","cartl001","Carter","Larry","R","R","SFN","P"
"905","clarw001","Clark","Will","L","L","SFN","1B"
"906","clayr001","Clayton","Royce","R","R","SFN","SS"
"907","colbc001","Colbert","Craig","R","R","SFN","C"
"908","decks001","Decker","Steve","R","R","SFN","C"
"909","downk001","Downs","Kelly","R","R","SFN","P"
"910","feldm001","Felder","Mike","B","R","SFN","OF"
"911","hereg001","Heredia","Gil","R","R","SFN","P"
"912","hickb001","Hickerson","Bryan","L","L","SFN","P"
"913","hoses001","Hosey","Steve","R","R","SFN","OF"
"914","jackm001","Jackson","Michael","R","R","SFN","P"
"915","jamec001","James","Chris","R","R","SFN","OF"
"916","leonm001","Leonard","Mark","L","R","SFN","OF"
"917","lewid001","Lewis","Darren","R","R","SFN","OF"
"918","littg001","Litton","Greg","R","R","SFN","2B"
"919","manwk001","Manwaring","Kirt","R","R","SFN","C"
"920","mcgew001","McGee","Willie","B","R","SFN","OF"
"921","mcnaj001","McNamara","Jim","L","R","SFN","C"
"922","olivf001","Oliveras","Francisco","R","R","SFN","P"
"923","pattj001","Patterson","John","B","R","SFN","2B"
"924","penaj001","Pena","Jim","L","L","SFN","P"
"925","rappp001","Rapp","Pat","R","R","SFN","P"
"926","reeds001","Reed","Steve","R","R","SFN","P"
"927","righd001","Righetti","Dave","L","L","SFN","P"
"928","rogek002","Rogers","Kevin","L","L","SFN","P"
"929","snydc001","Snyder","Cory","R","R","SFN","OF"
"930","swifb001","Swift","Bill","R","R","SFN","P"
"931","thomr003","Thompson","Robby","R","R","SFN","2B"
"932","uribj001","Uribe","Jose","B","R","SFN","SS"
"933","willm003","Williams","Matt","R","R","SFN","3B"
"934","wilst002","Wilson","Trevor","L","L","SFN","P"
"935","woodt002","Wood","Ted","L","L","SFN","OF"
"936","agosj001","Agosto","Juan","L","L","SLN","P"
"937","alicl001","Alicea","Luis","B","R","SLN","2B"
"938","brewr001","Brewer","Rod","L","L","SLN","1B"
"939","canso001","Canseco","Ozzie","R","R","SLN","OF"
"940","carpc001","Carpenter","Cris","R","R","SLN","P"
"941","carrc001","Carr","Chuck","B","R","SLN","OF"
"942","clarm002","Clark","Mark","R","R","SLN","P"
"943","cormr001","Cormier","Rheal","L","L","SLN","P"
"944","delej001","DeLeon","Jose","R","R","SLN","P"
"945","dipif001","DiPino","Frank","L","L","SLN","P"
"946","figub001","Figueroa","Bien","R","R","SLN","SS"
"947","galaa001","Galarraga","Andres","R","R","SLN","1B"
"948","gedmr001","Gedman","Rich","L","R","SLN","C"
"949","gilkb001","Gilkey","Bernard","R","R","SLN","OF"
"950","guerp001","Guerrero","Pedro","R","R","SLN","1B"
"951","hudlr001","Hudler","Rex","R","R","SLN","2B"
"952","jonet002","Jones","Tim","L","R","SLN","SS"
"953","jordb001","Jordan","Brian","R","R","SLN","OF"
"954","josef001","Jose","Felix","B","R","SLN","OF"
"955","lankr001","Lankford","Ray","L","L","SLN","OF"
"956","magrj001","Magrane","Joe","R","L","SLN","P"
"957","mcclb001","McClure","Bob","R","L","SLN","P"
"958","olivo001","Olivares","Omar","R","R","SLN","P"
"959","oquej001","Oquendo","Jose","B","R","SLN","2B"
"960","osbod001","Osborne","Donovan","B","L","SLN","P"
"961","pagnt001","Pagnozzi","Tom","R","R","SLN","C"
"962","penag001","Pena","Geronimo","B","R","SLN","2B"
"963","perem002","Perez","Mike","R","R","SLN","P"
"964","perrg001","Perry","Gerald","L","R","SLN","1B"
"965","royes001","Royer","Stan","R","R","SLN","3B"
"966","smitb001","Smith","Bryn","R","R","SLN","P"
"967","smitl001","Smith","Lee","R","R","SLN","P"
"968","smito001","Smith","Ozzie","B","R","SLN","SS"
"969","tewkb001","Tewksbury","Bob","R","R","SLN","P"
"970","thomm001","Thompson","Milt","L","R","SLN","OF"
"971","wilsc001","Wilson","Craig","R","R","SLN","3B"
"972","woodt001","Woodson","Tracy","R","R","SLN","3B"
"973","worrt001","Worrell","Todd","R","R","SLN","P"
"974","zeilt001","Zeile","Todd","R","R","SLN","3B"
"975","alexg001","Alexander","Gerald","R","R","TEX","P"
"976","bannf001","Bannister","Floyd","L","L","TEX","P"
"977","bohab001","Bohanon","Brian","L","L","TEX","P"
"978","browk001","Brown","Kevin","R","R","TEX","P"
"979","burnt001","Burns","Todd","R","R","TEX","P"
"980","campm001","Campbell","Mike","R","R","TEX","P"
"981","cangj001","Cangelosi","John","B","L","TEX","OF"
"982","cansj001","Canseco","Jose","R","R","TEX","OF"
"983","carmd001","Carman","Don","L","L","TEX","P"
"984","chias001","Chiamparino","Scott","R","R","TEX","P"
"985","coloc001","Colon","Cris","B","R","TEX","SS"
"986","daugj001","Daugherty","Jack","B","L","TEX","OF"
"987","david001","Davis","Doug","R","R","TEX","C"
"988","diazm002","Diaz","Mario","R","R","TEX","SS"
"989","downb001","Downing","Brian","R","R","TEX","DH"
"990","farim001","Fariss","Monty","R","R","TEX","OF"
"991","fires001","Fireovid","Steve","B","R","TEX","P"
"992","franj002","Franco","Julio","R","R","TEX","DH"
"993","fryej001","Frye","Jeff","R","R","TEX","2B"
"994","gonzj002","Gonzalez","Juan","R","R","TEX","OF"
"995","guzmj001","Guzman","Jose","R","R","TEX","P"
"996","harrd001","Harris","Donald","R","R","TEX","OF"
"997","hulsd001","Hulse","David","L","L","TEX","OF"
"998","husoj001","Huson","Jeff","L","R","TEX","SS"
"999","jeffm001","Jeffcoat","Mike","L","L","TEX","P"
"1000","leond002","Leon","Danny","R","R","TEX","P"
"1001","manub001","Manuel","Barry","R","R","TEX","P"
"1002","matht001","Mathews","Terry","L","R","TEX","P"
"1003","maurr001","Maurer","Rob","L","L","TEX","1B"
"1004","mccul001","McCullers","Lance","B","R","TEX","P"
"1005","mcgir001","McGinnis","Russ","R","R","TEX","C"
"1006","newma001","Newman","Al","B","R","TEX","2B"
"1007","nunee001","Nunez","Ed","R","R","TEX","P"
"1008","palmd002","Palmer","Dean","R","R","TEX","3B"
"1009","palmr001","Palmeiro","Rafael","L","L","TEX","1B"
"1010","pavlr001","Pavlik","Roger","R","R","TEX","P"
"1011","peltd001","Peltier","Dan","L","L","TEX","OF"
"1012","petrg001","Petralli","Geno","L","R","TEX","C"
"1013","reimk001","Reimer","Kevin","L","R","TEX","OF"
"1014","robij002","Robinson","Jeff","R","R","TEX","P"
"1015","rodri001","Rodriguez","Ivan","R","R","TEX","C"
"1016","rogek001","Rogers","Kenny","L","L","TEX","P"
"1017","rosew001","Rosenthal","Wayne","R","R","TEX","P"
"1018","russj001","Russell","Jeff","R","R","TEX","P"
"1019","russj002","Russell","John","R","R","TEX","C"
"1020","ryann001","Ryan","Nolan","R","R","TEX","P"
"1021","sierr001","Sierra","Ruben","B","R","TEX","OF"
"1022","smitd005","Smith","Dan","L","L","TEX","P"
"1023","stepr001","Stephens","Ray","R","R","TEX","C"
"1024","thond001","Thon","Dickie","R","R","TEX","SS"
"1025","whitm002","Whiteside","Matt","R","R","TEX","P"
"1026","wittb001","Witt","Bobby","R","R","TEX","P"
"1027","alomr001","Alomar","Roberto","B","R","TOR","2B"
"1028","belld001","Bell","Derek","R","R","TOR","OF"
"1029","bordp001","Borders","Pat","R","R","TOR","C"
"1030","cartj001","Carter","Joe","R","R","TOR","OF"
"1031","coned001","Cone","David","L","R","TOR","P"
"1032","duceb001","Ducey","Rob","L","R","TOR","OF"
"1033","eichm001","Eichhorn","Mark","R","R","TOR","P"
"1034","grifa001","Griffin","Alfredo","B","R","TOR","SS"
"1035","grubk001","Gruber","Kelly","R","R","TOR","3B"
"1036","guzmj003","Guzman","Juan","R","R","TOR","P"
"1037","henkt001","Henke","Tom","R","R","TOR","P"
"1038","hentp001","Hentgen","Pat","R","R","TOR","P"
"1039","kentj001","Kent","Jeff","R","R","TOR","3B"
"1040","key-j001","Key","Jimmy","R","L","TOR","P"
"1041","knorr001","Knorr","Randy","R","R","TOR","C"
"1042","lee-m001","Lee","Manuel","B","R","TOR","SS"
"1043","leita001","Leiter","Al","L","L","TOR","P"
"1044","lintd001","Linton","Doug","R","R","TOR","P"
"1045","macdr001","Macdonald","Bob","L","L","TOR","P"
"1046","maksm001","Maksudian","Mike","L","R","TOR","1B"
"1047","maldc001","Maldonado","Candy","R","R","TOR","OF"
"1048","martd003","Martinez","Domingo","R","R","TOR","1B"
"1049","morrj001","Morris","Jack","R","R","TOR","P"
"1050","mullr001","Mulliniks","Rance","L","R","TOR","DH"
"1051","myerg001","Myers","Greg","L","R","TOR","C"
"1052","olerj001","Olerud","John","L","L","TOR","1B"
"1053","quint001","Quinlan","Tom","R","R","TOR","3B"
"1054","sprae001","Sprague","Ed","R","R","TOR","C"
"1055","stied001","Stieb","Dave","R","R","TOR","P"
"1056","stott001","Stottlemyre","Todd","L","R","TOR","P"
"1057","tablp001","Tabler","Pat","R","R","TOR","1B"
"1058","timlm001","Timlin","Mike","R","R","TOR","P"
"1059","trlir001","Trlicek","Ricky","R","R","TOR","P"
"1060","wardd001","Ward","Duane","R","R","TOR","P"
"1061","wardt001","Ward","Turner","B","R","TOR","OF"
"1062","weatd001","Weathers","David","R","R","TOR","P"
"1063","welld001","Wells","David","L","L","TOR","P"
"1064","whitd001","White","Devon","B","R","TOR","OF"
"1065","winfd001","Winfield","Dave","R","R","TOR","DH"
"1066","zoske001","Zosky","Eddie","R","R","TOR","SS"
